,TMAX,TMIN,PRCP
count,189.0,198.0,266.0
mean,268.86772486772486,146.45959595959596,31.2406015037594
std,30.165297548328923,21.798707264757763,81.28182050924552
min,140.0,70.0,0.0
25%,250.0,134.0,0.0
50%,270.0,150.0,0.0
75%,290.0,160.0,12.75
max,336.0,195.0,511.0
